,Product A,Product B,Product C
Speed,85.0,70.0,90.0
Reliability,90.0,85.0,70.0
User-Friendly,75.0,90.0,80.0
Cost-Effective,60.0,80.0,70.0
Features,80.0,65.0,90.0
Support,70.0,75.0,85.0
Average,76.66666666666667,77.5,80.83333333333333
Max,90.0,90.0,90.0
Min,60.0,65.0,70.0
