Statistic,Control,Treatment
Mean,52.014,51.286
Median,52.5,51.0
Std Dev,27.87446508903803,26.92842743273361
Min,5.0,5.0
Max,99.0,99.0
Q1,28.0,28.0
Q3,76.0,74.0
t-statistic,0.7272421011860214,
p-value,0.4671344437461784,
