SampleID,Length,A,T,C,G,GC_Content
Sample_01,18,4,5,4,5,50.0
Sample_02,21,5,4,6,6,57.14285714285714
Sample_04,17,4,4,4,5,52.94117647058824
