,Control_mean,Treatement_mean,Log2C,Status
Gene1,127.66666666666667,295.0,1.2083330630454028,Upregulated
Gene2,500.0,501.6666666666667,0.00480098626382128,Upregulated
Gene3,51.0,20.0,-1.3504972470841332,Downregulated
Gene4,200.0,200.0,0.0,No change
Gene5,803.3333333333334,806.6666666666666,0.005973901044632872,Upregulated
